use psv;

insert into zaposleni (JMB, Ime, Prezime, DatumRodjenja, DatumZaposljavanja, Funkcija, Satnica, LijecnickiPregled, DatumIstekaUgovora, Fotografija) values ('1208651234567', 'Darko', 'Pejovic', '1965-08-12', '2017-10-14', 'Rukovodilac servisa', 9.20, '2018-11-14', '2021-10-14', '.\\image\\Slike radnika\\r3.jpg');
insert into zaposleni (JMB, Ime, Prezime, DatumRodjenja, DatumZaposljavanja, Funkcija, Satnica, LijecnickiPregled, DatumIstekaUgovora, Fotografija) values ('2207661234568', 'Ivan', 'Savic', '1966-07-22', '2017-10-14', 'Rukovodilac servisa', 9.20, '2018-06-16', '2020-10-14', null);
insert into zaposleni (JMB, Ime, Prezime, DatumRodjenja, DatumZaposljavanja, Funkcija, Satnica, LijecnickiPregled, DatumIstekaUgovora, Fotografija) values ('1504781234569', 'Petar', 'Pavicevic', '1978-04-15', '2017-10-14', 'Rukovodilac skladista', 8.20, '2018-09-12', '2020-10-14', null);
insert into zaposleni (JMB, Ime, Prezime, DatumRodjenja, DatumZaposljavanja, Funkcija, Satnica, LijecnickiPregled, DatumIstekaUgovora, Fotografija) values ('1601771234517', 'Danica', 'Tanovic', '1977-01-16', '2017-10-14', 'Menadzer', 12.20, '2018-10-14', '2020-11-11', null);
insert into zaposleni (JMB, Ime, Prezime, DatumRodjenja, DatumZaposljavanja, Funkcija, Satnica, LijecnickiPregled, DatumIstekaUgovora, Fotografija) values ('1911901234527', 'Nevena', 'Petrovic', '1990-11-19', '2017-10-14', 'Prodavac', 7.00, '2018-10-14', '2019-11-04', null);
insert into zaposleni (JMB, Ime, Prezime, DatumRodjenja, DatumZaposljavanja, Funkcija, Satnica, LijecnickiPregled, DatumIstekaUgovora, Fotografija) values ('0111911234537', 'Lidija', 'Ivkovic', '1991-01-11', '2017-10-14', 'Prodavac', 6.70, '2018-10-14', '2019-11-14', null);
insert into zaposleni (JMB, Ime, Prezime, DatumRodjenja, DatumZaposljavanja, Funkcija, Satnica, LijecnickiPregled, DatumIstekaUgovora, Fotografija) values ('3009851234547', 'Milan', 'Lazic', '1985-09-30', '2017-10-14', 'Prodavac', 6.20, '2018-12-04', '2019-11-14', null);
insert into zaposleni (JMB, Ime, Prezime, DatumRodjenja, DatumZaposljavanja, Funkcija, Satnica, LijecnickiPregled, DatumIstekaUgovora, Fotografija) values ('1508871234367', 'Marko', 'Gordic', '1987-08-15', '2017-10-14', 'Prodavac', 6.20, '2018-12-04', '2019-11-14', null);
insert into zaposleni (JMB, Ime, Prezime, DatumRodjenja, DatumZaposljavanja, Funkcija, Satnica, LijecnickiPregled, DatumIstekaUgovora, Fotografija) values ('1105891234267', 'Nebojsa', 'Tadic', '1989-05-11', '2017-10-14', 'Mehanicar', 7.20, '2018-10-14', '2019-11-14', '.\\image\\Slike radnika\\r1.jpg');
insert into zaposleni (JMB, Ime, Prezime, DatumRodjenja, DatumZaposljavanja, Funkcija, Satnica, LijecnickiPregled, DatumIstekaUgovora, Fotografija) values ('0204751234167', 'Luka', 'Vukovic', '1975-04-02', '2017-10-14', 'Mehanicar', 6.50, '2018-10-14', '2020-11-14', null);
insert into zaposleni (JMB, Ime, Prezime, DatumRodjenja, DatumZaposljavanja, Funkcija, Satnica, LijecnickiPregled, DatumIstekaUgovora, Fotografija) values ('0703651234067', 'Dejan', 'Ivanovic', '1965-03-07', '2017-10-14', 'Mehanicar', 6.20, '2018-10-14', '2020-11-14', '.\\image\\Slike radnika\\r2.jpg');
insert into zaposleni (JMB, Ime, Prezime, DatumRodjenja, DatumZaposljavanja, Funkcija, Satnica, LijecnickiPregled, DatumIstekaUgovora, Fotografija) values ('1808951235567', 'Goran', 'Kostic', '1995-08-18', '2017-10-14', 'Mehanicar', 6.20, '2018-10-14', '2019-11-14', null);
insert into zaposleni (JMB, Ime, Prezime, DatumRodjenja, DatumZaposljavanja, Funkcija, Satnica, LijecnickiPregled, DatumIstekaUgovora, Fotografija) values ('2203901234567', 'Goran', 'Bosnic', '1990-03-22', '2017-10-14', 'Mehanicar', 5.20, '2018-10-14', '2020-11-14', null);
insert into zaposleni (JMB, Ime, Prezime, DatumRodjenja, DatumZaposljavanja, Funkcija, Satnica, LijecnickiPregled, DatumIstekaUgovora, Fotografija) values ('2502781233567', 'Dusko', 'Lukovic', '1978-02-25', '2018-10-14', 'Mehanicar', 5.20, '2018-12-14', '2019-05-14', null);
insert into zaposleni (JMB, Ime, Prezime, DatumRodjenja, DatumZaposljavanja, Funkcija, Satnica, LijecnickiPregled, DatumIstekaUgovora, Fotografija) values ('2111871232567', 'Ljubo', 'Ivic', '1987-11-21', '2018-10-14', 'Mehanicar', 5.20, '2018-12-14', '2019-05-14', null);
insert into zaposleni (JMB, Ime, Prezime, DatumRodjenja, DatumZaposljavanja, Funkcija, Satnica, LijecnickiPregled, DatumIstekaUgovora, Fotografija) values ('1612951231567', 'Kosta', 'Tanaskovic', '1995-12-16', '2018-10-14', 'Mehanicar', 5.20, '2018-12-14', '2019-12-14', null);

insert into kontakt_zaposlenog(IdKontakt, Grad, Adresa, Telefon, Email, JMB) values (11, 'Banja Luka', 'Srpskih ustanika 21', '0038765623467', 'darko@gmail.com', '1208651234567');
insert into kontakt_zaposlenog(IdKontakt, Grad, Adresa, Telefon, Email, JMB) values (12, 'Banja Luka', 'Srpskih ustanika 21', '0038765523467', null, '2207661234568');
insert into kontakt_zaposlenog(IdKontakt, Grad, Adresa, Telefon, Email, JMB) values (13, 'Banja Luka', 'Srpskih ustanika 21', '0038765523467', null, '1504781234569');
insert into kontakt_zaposlenog(IdKontakt, Grad, Adresa, Telefon, Email, JMB) values (14, 'Banja Luka', 'Srpskih ustanika 21', '0038765323467', null, '1911901234527');
insert into kontakt_zaposlenog(IdKontakt, Grad, Adresa, Telefon, Email, JMB) values (15, 'Banja Luka', 'Srpskih ustanika 21', '0038765323467', null, '0111911234537');
insert into kontakt_zaposlenog(IdKontakt, Grad, Adresa, Telefon, Email, JMB) values (16, 'Banja Luka', 'Srpskih ustanika 21', '0038765143467', null, '3009851234547');
insert into kontakt_zaposlenog(IdKontakt, Grad, Adresa, Telefon, Email, JMB) values (17, 'Banja Luka', 'Srpskih ustanika 21', '0038765153467', null, '1508871234367');
insert into kontakt_zaposlenog(IdKontakt, Grad, Adresa, Telefon, Email, JMB) values (18, 'Banja Luka', 'Srpskih ustanika 21', '0038765163467', null, '1601771234517');
insert into kontakt_zaposlenog(IdKontakt, Grad, Adresa, Telefon, Email, JMB) values (19, 'Banja Luka', 'Srpskih ustanika 21', '0038765173467', null, '1105891234267');
insert into kontakt_zaposlenog(IdKontakt, Grad, Adresa, Telefon, Email, JMB) values (20, 'Banja Luka', 'Srpskih ustanika 21', '0038765183467', null, '0204751234167');
insert into kontakt_zaposlenog(IdKontakt, Grad, Adresa, Telefon, Email, JMB) values (21, 'Banja Luka', 'Srpskih ustanika 21', '0038765193467', null, '0703651234067');
insert into kontakt_zaposlenog(IdKontakt, Grad, Adresa, Telefon, Email, JMB) values (22, 'Banja Luka', 'Srpskih ustanika 21', '0038765128467', null, '1808951235567');
insert into kontakt_zaposlenog(IdKontakt, Grad, Adresa, Telefon, Email, JMB) values (23, 'Banja Luka', 'Srpskih ustanika 21', '0038765127467', null, '2203901234567');
insert into kontakt_zaposlenog(IdKontakt, Grad, Adresa, Telefon, Email, JMB) values (24, 'Banja Luka', 'Srpskih ustanika 21', '0038765126467', null, '2502781233567');
insert into kontakt_zaposlenog(IdKontakt, Grad, Adresa, Telefon, Email, JMB) values (25, 'Banja Luka', 'Srpskih ustanika 21', '0038765125467', null, '2111871232567');
insert into kontakt_zaposlenog(IdKontakt, Grad, Adresa, Telefon, Email, JMB) values (26, 'Banja Luka', 'Srpskih ustanika 21', '0038765124467', null, '1612951231567');

insert into rukovodilac_servisa (JMB, LicniBroj, StrucnaSprema, BrojOdobrenihZahtjeva) values ('1208651234567', '444444', 'VšS', 6);
insert into rukovodilac_servisa (JMB, LicniBroj, StrucnaSprema, BrojOdobrenihZahtjeva) values ('2207661234568', '444445', 'VSS', 11);

insert into rukovodilac_skladista(JMB, LicniBroj) values ('1504781234569', '333333');

insert into prodavac(JMB, BrojProdatihVozila, Sifra) values ('1911901234527', 2, '2A2B2A');
insert into prodavac(JMB, BrojProdatihVozila, Sifra) values ('0111911234537', 1, '2A2B2B');
insert into prodavac(JMB, BrojProdatihVozila, Sifra) values ('3009851234547', 1, '2A2B2C');
insert into prodavac(JMB, BrojProdatihVozila, Sifra) values ('1508871234367', 0, '2A2B2D');

insert into menadzer(JMB, Sifra) values ('1601771234517', '111111');

insert into mehanicar(JMB, BrojSmjene, TrenutniBrojAktivnosti) values ('1105891234267', 'Prva', 2);
insert into mehanicar(JMB, BrojSmjene, TrenutniBrojAktivnosti) values ('0204751234167', 'Prva', 1);
insert into mehanicar(JMB, BrojSmjene, TrenutniBrojAktivnosti) values ('0703651234067', 'Druga', 2);
insert into mehanicar(JMB, BrojSmjene, TrenutniBrojAktivnosti) values ('1808951235567', 'Druga', 2);
insert into mehanicar(JMB, BrojSmjene, TrenutniBrojAktivnosti) values ('2203901234567', 'Treca', 1);
insert into mehanicar(JMB, BrojSmjene, TrenutniBrojAktivnosti) values ('2502781233567', 'Prva', 1);
insert into mehanicar(JMB, BrojSmjene, TrenutniBrojAktivnosti) values ('2111871232567', 'Druga', 0);
insert into mehanicar(JMB, BrojSmjene, TrenutniBrojAktivnosti) values ('1612951231567', 'Treca', 0);

insert into banka (JIB, Sjediste, Naziv, ZiroRacunBanke)values('ABC', 'Banja Luka', 'NLB', '4444983126115');
insert into banka (JIB, Sjediste, Naziv, ZiroRacunBanke)values('ABD', 'Banja Luka', 'Razvojna', '4444983126116');
insert into banka (JIB, Sjediste, Naziv, ZiroRacunBanke)values('ABE', 'Banja Luka', 'UniKredit', '4444983126117');
insert into banka (JIB, Sjediste, Naziv, ZiroRacunBanke)values('ABF', 'Bijeljina', 'Bobar', '4444983126118');

insert into ziro_racun_preduzeca (BrojZiroRacunaPreduzeca, JIB) values ('1444983126115', 'ABC');
insert into ziro_racun_preduzeca (BrojZiroRacunaPreduzeca, JIB) values ('1444983126116', 'ABD');

insert into ziro_racun_preduzeca_menadzer (BrojZiroRacunaPreduzeca, JMB) values ('1444983126115', '1601771234517');
insert into ziro_racun_preduzeca_menadzer (BrojZiroRacunaPreduzeca, JMB) values ('1444983126116', '1601771234517');

insert into servisni_radovi (VrstaServisnihRadova, Koeficijent) values ('Zamjena ulja i filtera', 2.60);
insert into servisni_radovi (VrstaServisnihRadova, Koeficijent) values ('Servis klima uredjaja', 12.60);
insert into servisni_radovi (VrstaServisnihRadova, Koeficijent) values ('Zamjena guma', 1.60);
insert into servisni_radovi (VrstaServisnihRadova, Koeficijent) values ('Zamjena diskova i disk plocica', 5.60);
insert into servisni_radovi (VrstaServisnihRadova, Koeficijent) values ('Zamjena akumulatora', 22.60);
insert into servisni_radovi (VrstaServisnihRadova, Koeficijent) values ('Zamjena prednjih amortizera i opruga', 5.60);
insert into servisni_radovi (VrstaServisnihRadova, Koeficijent) values ('Zamjena zadnjih amortizera i opruga', 5.60);
insert into servisni_radovi (VrstaServisnihRadova, Koeficijent) values ('Zamjena i popravka stakala', 4.50);
insert into servisni_radovi (VrstaServisnihRadova, Koeficijent) values ('Zamjena svjecica', 2.60);
insert into servisni_radovi (VrstaServisnihRadova, Koeficijent) values ('Farbanje i lakiranje elemenata', 8.30);
insert into servisni_radovi (VrstaServisnihRadova, Koeficijent) values ('Zamjena selen blokova', 3.60);
insert into servisni_radovi (VrstaServisnihRadova, Koeficijent) values ('Vanjsko pranje vozila', 1.60);
insert into servisni_radovi (VrstaServisnihRadova, Koeficijent) values ('Unutrasnje pranje vozila', 2.60);
insert into servisni_radovi (VrstaServisnihRadova, Koeficijent) values ('Reparacija turbine', 5.60);
insert into servisni_radovi (VrstaServisnihRadova, Koeficijent) values ('Geometrija tockova', 2.60);
insert into servisni_radovi (VrstaServisnihRadova, Koeficijent) values ('Zamjena i popravke izduvnih sistema', 3.60);
insert into servisni_radovi (VrstaServisnihRadova, Koeficijent) values ('Veliki servis', 25.90);

insert into kvalifikacija (VrstaServisnihRadova, JMB, Opis) values ('Zamjena ulja i filtera', '1105891234267', 'opis');
insert into kvalifikacija (VrstaServisnihRadova, JMB, Opis) values ('Farbanje i lakiranje elemenata', '1105891234267', 'opis');
insert into kvalifikacija (VrstaServisnihRadova, JMB, Opis) values ('Veliki servis', '1105891234267', 'opis');
insert into kvalifikacija (VrstaServisnihRadova, JMB, Opis) values ('Zamjena ulja i filtera', '0703651234067', 'opis');
insert into kvalifikacija (VrstaServisnihRadova, JMB, Opis) values ('Veliki servis', '0703651234067', 'opis');
insert into kvalifikacija (VrstaServisnihRadova, JMB, Opis) values ('Zamjena guma', '1808951235567', 'opis');
insert into kvalifikacija (VrstaServisnihRadova, JMB, Opis) values ('Zamjena diskova i disk plocica', '1808951235567', 'opis');
insert into kvalifikacija (VrstaServisnihRadova, JMB, Opis) values ('Servis klima uredjaja', '1808951235567', 'opis');
insert into kvalifikacija (VrstaServisnihRadova, JMB, Opis) values ('Vanjsko pranje vozila', '1808951235567', 'opis');
insert into kvalifikacija (VrstaServisnihRadova, JMB, Opis) values ('Zamjena guma', '2203901234567', 'opis');
insert into kvalifikacija (VrstaServisnihRadova, JMB, Opis) values ('Zamjena selen blokova', '2203901234567', 'opis');
insert into kvalifikacija (VrstaServisnihRadova, JMB, Opis) values ('Servis klima uredjaja', '2502781233567', 'opis');
insert into kvalifikacija (VrstaServisnihRadova, JMB, Opis) values ('Zamjena prednjih amortizera i opruga', '2502781233567', 'opis');
insert into kvalifikacija (VrstaServisnihRadova, JMB, Opis) values ('Zamjena svjecica', '2111871232567', 'opis');
insert into kvalifikacija (VrstaServisnihRadova, JMB, Opis) values ('Zamjena guma', '2111871232567', 'opis');
insert into kvalifikacija (VrstaServisnihRadova, JMB, Opis) values ('Servis klima uredjaja', '2111871232567', 'opis');
insert into kvalifikacija (VrstaServisnihRadova, JMB, Opis) values ('Zamjena svjecica', '1612951231567', 'opis');
insert into kvalifikacija (VrstaServisnihRadova, JMB, Opis) values ('Zamjena guma', '1612951231567', 'opis');
insert into kvalifikacija (VrstaServisnihRadova, JMB, Opis) values ('Zamjena akumulatora', '1105891234267', 'opis');
insert into kvalifikacija (VrstaServisnihRadova, JMB, Opis) values ('Zamjena svjecica', '1105891234267', 'opis');
insert into kvalifikacija (VrstaServisnihRadova, JMB, Opis) values ('Zamjena diskova i disk plocica', '1105891234267', 'opis');
insert into kvalifikacija (VrstaServisnihRadova, JMB, Opis) values ('Zamjena i popravka stakala', '0703651234067', 'opis');
insert into kvalifikacija (VrstaServisnihRadova, JMB, Opis) values ('Farbanje i lakiranje elemenata', '0703651234067', 'opis');
insert into kvalifikacija (VrstaServisnihRadova, JMB, Opis) values ('Zamjena i popravke izduvnih sistema', '0703651234067', 'opis');
insert into kvalifikacija (VrstaServisnihRadova, JMB, Opis) values ('Veliki servis', '1808951235567', 'opis');
insert into kvalifikacija (VrstaServisnihRadova, JMB, Opis) values ('Zamjena i popravka stakala', '1808951235567', 'opis');
insert into kvalifikacija (VrstaServisnihRadova, JMB, Opis) values ('Zamjena i popravke izduvnih sistema', '1808951235567', 'opis');
insert into kvalifikacija (VrstaServisnihRadova, JMB, Opis) values ('Unutrasnje pranje vozila', '1808951235567', 'opis');
insert into kvalifikacija (VrstaServisnihRadova, JMB, Opis) values ('Zamjena i popravka stakala', '2203901234567', 'opis');
insert into kvalifikacija (VrstaServisnihRadova, JMB, Opis) values ('Farbanje i lakiranje elemenata', '2203901234567', 'opis');
insert into kvalifikacija (VrstaServisnihRadova, JMB, Opis) values ('Vanjsko pranje vozila', '2502781233567', 'opis');
insert into kvalifikacija (VrstaServisnihRadova, JMB, Opis) values ('Unutrasnje pranje vozila', '2502781233567', 'opis');
insert into kvalifikacija (VrstaServisnihRadova, JMB, Opis) values ('Zamjena zadnjih amortizera i opruga', '2502781233567', 'opis');
insert into kvalifikacija (VrstaServisnihRadova, JMB, Opis) values ('Zamjena prednjih amortizera i opruga', '2111871232567', 'opis');
insert into kvalifikacija (VrstaServisnihRadova, JMB, Opis) values ('Zamjena zadnjih amortizera i opruga', '2111871232567', 'opis');
insert into kvalifikacija (VrstaServisnihRadova, JMB, Opis) values ('Geometrija tockova', '2111871232567', 'opis');
insert into kvalifikacija (VrstaServisnihRadova, JMB, Opis) values ('Geometrija tockova', '1612951231567', 'opis');
insert into kvalifikacija (VrstaServisnihRadova, JMB, Opis) values ('Reparacija turbine', '1612951231567', 'opis');

insert into kategorija_klijenta (IdKategorija, TipKategorije) values (1, 'Individualno lice');
insert into kategorija_klijenta (IdKategorija, TipKategorije) values (2, 'Kompanija');
insert into kategorija_klijenta (IdKategorija, TipKategorije) values (3, 'Individualno lice');
insert into kategorija_klijenta (IdKategorija, TipKategorije) values (4, 'Kompanija');
insert into kategorija_klijenta (IdKategorija, TipKategorije) values (5, 'Individualno lice');
insert into kategorija_klijenta (IdKategorija, TipKategorije) values (6, 'Kompanija');
insert into kategorija_klijenta (IdKategorija, TipKategorije) values (7, 'Individualno lice');
insert into kategorija_klijenta (IdKategorija, TipKategorije) values (8, 'Kompanija');
insert into kategorija_klijenta (IdKategorija, TipKategorije) values (9, 'Individualno lice');
insert into kategorija_klijenta (IdKategorija, TipKategorije) values (10, 'Kompanija');
insert into kategorija_klijenta (IdKategorija, TipKategorije) values (11, 'Individualno lice');
insert into kategorija_klijenta (IdKategorija, TipKategorije) values (12, 'Individualno lice');
insert into kategorija_klijenta (IdKategorija, TipKategorije) values (13, 'Individualno lice');
insert into kategorija_klijenta (IdKategorija, TipKategorije) values (14, 'Individualno lice');
insert into kategorija_klijenta (IdKategorija, TipKategorije) values (15, 'Individualno lice');
insert into kategorija_klijenta (IdKategorija, TipKategorije) values (16, 'Kompanija');
insert into kategorija_klijenta (IdKategorija, TipKategorije) values (17, 'Individualno lice');
insert into kategorija_klijenta (IdKategorija, TipKategorije) values (18, 'Kompanija');

insert into individualno_lice (IdKategorija, Ime, Prezime, Pol) values (1, 'Dragan', 'Ivić', 'Musko');
insert into individualno_lice (IdKategorija, Ime, Prezime, Pol) values (3, 'Kosta', 'Aleksić', 'Musko');
insert into individualno_lice (IdKategorija, Ime, Prezime, Pol) values (5, 'Marija', 'Ivanović', 'Zensko');
insert into individualno_lice (IdKategorija, Ime, Prezime, Pol) values (7, 'Radoš', 'Puketa', 'Musko');
insert into individualno_lice (IdKategorija, Ime, Prezime, Pol) values (9, 'Ana', 'Marković', 'Zensko');
insert into individualno_lice (IdKategorija, Ime, Prezime, Pol) values (11, 'Dragomir', 'Vukić', 'Musko');
insert into individualno_lice (IdKategorija, Ime, Prezime, Pol) values (12, 'Luka', 'Marjanović', 'Musko');
insert into individualno_lice (IdKategorija, Ime, Prezime, Pol) values (13, 'Eva', 'Bogdanović', 'Zensko');
insert into individualno_lice (IdKategorija, Ime, Prezime, Pol) values (14, 'Maksim', 'Nedović', 'Musko');
insert into individualno_lice (IdKategorija, Ime, Prezime, Pol) values (15, 'Ela', 'Bjelica', 'Zensko');
insert into individualno_lice (IdKategorija, Ime, Prezime, Pol) values (17, 'Tijana', 'Milovanović', 'Zensko');


insert into kompanija (IdKategorija, Naziv, InternetStranica) values (2, 'Beocontrol Group','www.beocontrol-group.com');
insert into kompanija (IdKategorija, Naziv, InternetStranica) values (4, 'City Šped d.o.o.','www.citysped.ba');
insert into kompanija (IdKategorija, Naziv, InternetStranica) values (6, 'TimoCom','www.timocom.com.hr');
insert into kompanija (IdKategorija, Naziv, InternetStranica) values (8, 'Patroltaxi','www.patroltaxi.com');
insert into kompanija (IdKategorija, Naziv, InternetStranica) values (10, 'Moja Kompanija','www.MojaKompanija.com');
insert into kompanija (IdKategorija, Naziv, InternetStranica) values (16, 'Nešković','www.neskovic.ba');
insert into kompanija (IdKategorija, Naziv, InternetStranica) values (18, 'Balkan auto','www.balkanauto.com');

insert into klijent (IdKlijenta, IdKategorija, TipKlijenta, Adresa, Grad, Drzava, E_mail) values (11, 1, 'Korisnik servisa', 'Kralja Petra I 4', 'Bileca', 'RS', 'draganivic@gmail.com');
insert into klijent (IdKlijenta, IdKategorija, TipKlijenta, Adresa, Grad, Drzava, E_mail) values (12, 2, 'Korisnik servisa', 'Visegradska 23', 'Beograd', 'Srbija', 'beocontrol@gmail.com');
insert into klijent (IdKlijenta, IdKategorija, TipKlijenta, Adresa, Grad, Drzava, E_mail) values (13, 3, 'Korisnik servisa', 'Srpskih ustanika 117', 'Banja Luka', 'RS', 'kostaaleksic@gmail.com');
insert into klijent (IdKlijenta, IdKategorija, TipKlijenta, Adresa, Grad, Drzava, E_mail) values (14, 4, 'Korisnik servisa', 'Sutjeska 34', 'Sarajevo', 'Bosna i Hercegovina', 'citysped@gmail.com');
insert into klijent (IdKlijenta, IdKategorija, TipKlijenta, Adresa, Grad, Drzava, E_mail) values (15, 5, 'Korisnik servisa', 'Jovana Ducica 4', 'Trebinje', 'RS', 'marijaivanovic@gmail.com');
insert into klijent (IdKlijenta, IdKategorija, TipKlijenta, Adresa, Grad, Drzava, E_mail) values (16, 6, 'Kupac', 'Studentska 123', 'Zagreb', 'Hrvatska', 'timocom@gmail.com');
insert into klijent (IdKlijenta, IdKategorija, TipKlijenta, Adresa, Grad, Drzava, E_mail) values (17, 7, 'Kupac', 'Talica brdo 4', 'Zenica', 'Bosna i Hercegovina', 'radospuketa@gmail.com');
insert into klijent (IdKlijenta, IdKategorija, TipKlijenta, Adresa, Grad, Drzava, E_mail) values (18, 8, 'Kupac', 'Karadjordjeva 11', 'Banja Luka', 'RS', 'patroltaxi@gmail.com');
insert into klijent (IdKlijenta, IdKategorija, TipKlijenta, Adresa, Grad, Drzava, E_mail) values (19, 9, 'Kupac', 'Marka Kraljevica 4', 'Banja Luka', 'RS', 'anamarkovic@gmail.com');
insert into klijent (IdKlijenta, IdKategorija, TipKlijenta, Adresa, Grad, Drzava, E_mail) values (20, 10, 'Kupac', 'Majke Jugovica 33', 'Banja Luka', 'RS', 'mojakompanija@gmail.com');
insert into klijent (IdKlijenta, IdKategorija, TipKlijenta, Adresa, Grad, Drzava, E_mail) values (21, 11, 'Korisnik servisa', 'Kralja Petra I 4', 'Bileca', 'RS', 'dragomirvukic@gmail.com');
insert into klijent (IdKlijenta, IdKategorija, TipKlijenta, Adresa, Grad, Drzava, E_mail) values (22, 12, 'Korisnik servisa', 'Visegradska 23', 'Beograd', 'Srbija', 'lukamarjanovic@gmail.com');
insert into klijent (IdKlijenta, IdKategorija, TipKlijenta, Adresa, Grad, Drzava, E_mail) values (23, 13, 'Korisnik servisa', 'Srpskih ustanika 117', 'Banja Luka', 'RS', 'evabogdanovic@gmail.com');
insert into klijent (IdKlijenta, IdKategorija, TipKlijenta, Adresa, Grad, Drzava, E_mail) values (24, 14, 'Korisnik servisa', 'Sutjeska 34', 'Sarajevo', 'Bosna i Hercegovina', 'maksimnedovic@gmail.com');
insert into klijent (IdKlijenta, IdKategorija, TipKlijenta, Adresa, Grad, Drzava, E_mail) values (25, 15, 'Korisnik servisa', 'Jovana Ducica 4', 'Trebinje', 'RS', 'elebjelica@gmail.com');
insert into klijent (IdKlijenta, IdKategorija, TipKlijenta, Adresa, Grad, Drzava, E_mail) values (26, 16, 'Distributer vozila', 'Studentska 123', 'Zagreb', 'Hrvatska', 'neskovic@gmail.com');
insert into klijent (IdKlijenta, IdKategorija, TipKlijenta, Adresa, Grad, Drzava, E_mail) values (27, 17, 'Distributer vozila', 'Talica brdo 4', 'Zenica', 'Bosna i Hercegovina', 'tijanamilovanovic@gmail.com');
insert into klijent (IdKlijenta, IdKategorija, TipKlijenta, Adresa, Grad, Drzava, E_mail) values (28, 18, 'Distributer vozila', 'Karadjordjeva 11', 'Banja Luka', 'RS', 'balkanauto@gmail.com');

insert into telefon_klijenta (IdKlijenta, BrojTelefona, Opis) values (11, '0038765123456', 'Mobilni');
insert into telefon_klijenta (IdKlijenta, BrojTelefona, Opis) values (11, '0038759123457', 'Posao');
insert into telefon_klijenta (IdKlijenta, BrojTelefona, Opis) values (12, '0038165123458', 'Mobilni');
insert into telefon_klijenta (IdKlijenta, BrojTelefona, Opis) values (12, '0038165123459', 'Posao');
insert into telefon_klijenta (IdKlijenta, BrojTelefona, Opis) values (13, '0038765123460', 'Mobilni');
insert into telefon_klijenta (IdKlijenta, BrojTelefona, Opis) values (14, '0038765123461', 'Mobilni');
insert into telefon_klijenta (IdKlijenta, BrojTelefona, Opis) values (14, '0038765123462', 'Posao');
insert into telefon_klijenta (IdKlijenta, BrojTelefona, Opis) values (15, '0038759123463', 'Kuća');
insert into telefon_klijenta (IdKlijenta, BrojTelefona, Opis) values (16, '0038265123464', 'Mobilni');
insert into telefon_klijenta (IdKlijenta, BrojTelefona, Opis) values (17, '0038765123465', 'Mobilni');
insert into telefon_klijenta (IdKlijenta, BrojTelefona, Opis) values (18, '0038765123466', 'Mobilni');
insert into telefon_klijenta (IdKlijenta, BrojTelefona, Opis) values (18, '0038765123467', 'Posao');
insert into telefon_klijenta (IdKlijenta, BrojTelefona, Opis) values (19, '0038765123468', 'Mobilni');
insert into telefon_klijenta (IdKlijenta, BrojTelefona, Opis) values (19, '0038751123469', 'Kuća');
insert into telefon_klijenta (IdKlijenta, BrojTelefona, Opis) values (20, '0038765123470', 'Mobilni');
insert into telefon_klijenta (IdKlijenta, BrojTelefona, Opis) values (20, '0038765123471', 'Posao');
insert into telefon_klijenta (IdKlijenta, BrojTelefona, Opis) values (21, '0038765123472', 'Mobilni');
insert into telefon_klijenta (IdKlijenta, BrojTelefona, Opis) values (21, '0038759123473', 'Posao');
insert into telefon_klijenta (IdKlijenta, BrojTelefona, Opis) values (22, '0038165123474', 'Mobilni');
insert into telefon_klijenta (IdKlijenta, BrojTelefona, Opis) values (22, '0038165123475', 'Posao');
insert into telefon_klijenta (IdKlijenta, BrojTelefona, Opis) values (23, '0038765123476', 'Mobilni');
insert into telefon_klijenta (IdKlijenta, BrojTelefona, Opis) values (24, '0038765123477', 'Mobilni');
insert into telefon_klijenta (IdKlijenta, BrojTelefona, Opis) values (24, '0038765123478', 'Posao');
insert into telefon_klijenta (IdKlijenta, BrojTelefona, Opis) values (25, '0038759123479', 'Kuća');
insert into telefon_klijenta (IdKlijenta, BrojTelefona, Opis) values (26, '0038265123480', 'Mobilni');
insert into telefon_klijenta (IdKlijenta, BrojTelefona, Opis) values (27, '0038765123481', 'Mobilni');
insert into telefon_klijenta (IdKlijenta, BrojTelefona, Opis) values (28, '0038765123482', 'Mobilni');
insert into telefon_klijenta (IdKlijenta, BrojTelefona, Opis) values (28, '0038765123483', 'Posao');

insert into ziro_racun_klijenta (BrojZiroRacunaKlijenta, IdKlijenta) values ('0308983126115', 11);
insert into ziro_racun_klijenta (BrojZiroRacunaKlijenta, IdKlijenta) values ('0308983126116', 12);
insert into ziro_racun_klijenta (BrojZiroRacunaKlijenta, IdKlijenta) values ('0308983126117', 13);
insert into ziro_racun_klijenta (BrojZiroRacunaKlijenta, IdKlijenta) values ('0308983126118', 14);
insert into ziro_racun_klijenta (BrojZiroRacunaKlijenta, IdKlijenta) values ('0308983126119', 15);
insert into ziro_racun_klijenta (BrojZiroRacunaKlijenta, IdKlijenta) values ('0308983126120', 16);
insert into ziro_racun_klijenta (BrojZiroRacunaKlijenta, IdKlijenta) values ('0308983126121', 17);
insert into ziro_racun_klijenta (BrojZiroRacunaKlijenta, IdKlijenta) values ('0308983126122', 18);
insert into ziro_racun_klijenta (BrojZiroRacunaKlijenta, IdKlijenta) values ('0308983126123', 19);
insert into ziro_racun_klijenta (BrojZiroRacunaKlijenta, IdKlijenta) values ('0308983126124', 20);
insert into ziro_racun_klijenta (BrojZiroRacunaKlijenta, IdKlijenta) values ('0308983126125', 21);
insert into ziro_racun_klijenta (BrojZiroRacunaKlijenta, IdKlijenta) values ('0308983126126', 22);
insert into ziro_racun_klijenta (BrojZiroRacunaKlijenta, IdKlijenta) values ('0308983126127', 23);
insert into ziro_racun_klijenta (BrojZiroRacunaKlijenta, IdKlijenta) values ('0308983126128', 24);
insert into ziro_racun_klijenta (BrojZiroRacunaKlijenta, IdKlijenta) values ('0308983126129', 25);
insert into ziro_racun_klijenta (BrojZiroRacunaKlijenta, IdKlijenta) values ('0308983126130', 26);
insert into ziro_racun_klijenta (BrojZiroRacunaKlijenta, IdKlijenta) values ('0308983126131', 27);
insert into ziro_racun_klijenta (BrojZiroRacunaKlijenta, IdKlijenta) values ('0308983126132', 28);

insert into vozila (IdVozila, TipVozila, Proizvodjac, Model, Kilometraza, GodinaProizvodnje, Boja, VrstaGoriva,  BrojRegistracije, DatumRegistracije, Fotografija) values(401, 'Automobil', 'Alfa Romeo', 'Giulietta ', 32000, 2010, 'Crvena', 'Benzin', '15-25-CA', '2017-01-01', '.\\image\\Slike vozila\\ALFA-ROMEO_Giulietta-2010_main.jpg' );
insert into vozila (IdVozila, TipVozila, Proizvodjac, Model, Kilometraza, GodinaProizvodnje, Boja, VrstaGoriva,  BrojRegistracije, DatumRegistracije, Fotografija) values(402, 'Automobil', 'Citroen', 'C4 Cactus', 11000, 2018, 'Plava', 'Benzin', '23-44-CA', '2019-01-01', '.\\image\\Slike vozila\\CITROEN_C4-Cactus-2018_main.jpg' );
insert into vozila (IdVozila, TipVozila, Proizvodjac, Model, Kilometraza, GodinaProizvodnje, Boja, VrstaGoriva,  BrojRegistracije, DatumRegistracije, Fotografija) values(403, 'Automobil', 'Citroen', 'C1', 18200, 2014, 'Bijela', 'Dizel', '76-25-CA', '2017-01-01', '.\\image\\Slike vozila\\CITROEN_C1-5-Doors-2014_main.jpg' );
insert into vozila (IdVozila, TipVozila, Proizvodjac, Model, Kilometraza, GodinaProizvodnje, Boja, VrstaGoriva,  BrojRegistracije, DatumRegistracije, Fotografija) values(404, 'Automobil', 'Citroen', 'C5 Sedan', 13100, 2010, 'Bijela', 'Dizel', '15-45-CA', '2017-01-01', '.\\image\\Slike vozila\\CITROEN_C5-Sedan-2010_main.jpg' );
insert into vozila (IdVozila, TipVozila, Proizvodjac, Model, Kilometraza, GodinaProizvodnje, Boja, VrstaGoriva,  BrojRegistracije, DatumRegistracije, Fotografija) values(405, 'Automobil', 'Alfa Romeo', 'Giulia', 41000, 2016, 'Plava', 'Benzin', '55-25-CA', '2017-01-01', '.\\image\\Slike vozila\\ALFA-ROMEO_Giulia-2016_main.jpg' );
insert into vozila (IdVozila, TipVozila, Proizvodjac, Model, Kilometraza, GodinaProizvodnje, Boja, VrstaGoriva,  BrojRegistracije, DatumRegistracije, Fotografija) values(406, 'Automobil', 'BMW', 'X7', 63000, 2018, 'Siva', 'Benzin', '33-25-CA', '2019-01-01', '.\\image\\Slike vozila\\BMW_X7-2018_main.jpg' );
insert into vozila (IdVozila, TipVozila, Proizvodjac, Model, Kilometraza, GodinaProizvodnje, Boja, VrstaGoriva,  BrojRegistracije, DatumRegistracije, Fotografija) values(407, 'Automobil', 'BMW', '6 Gran Coupe', 30000, 2015, 'Bijela', 'Benzin', '15-25-CA', '2017-01-01', '.\\image\\Slike vozila\\BMW_6-Series-Gran-Coupe-LCI--F06--2015_main.jpg' );
insert into vozila (IdVozila, TipVozila, Proizvodjac, Model, Kilometraza, GodinaProizvodnje, Boja, VrstaGoriva,  BrojRegistracije, DatumRegistracije, Fotografija) values(408, 'Automobil', 'Alfa Romeo', '4C', 46500, 2013, 'Crvena', 'Dizel', '16-21-CA', '2017-01-01', '.\\image\\Slike vozila\\ALFA-ROMEO_4C-2013_main.jpg' );
insert into vozila (IdVozila, TipVozila, Proizvodjac, Model, Kilometraza, GodinaProizvodnje, Boja, VrstaGoriva,  BrojRegistracije, DatumRegistracije, Fotografija) values(409, 'Automobil', 'BMW', '4 Coupe', 41000, 2018, 'Plava', 'Benzin', '20-65-CA', '2019-01-01', '.\\image\\Slike vozila\\BMW_4-Series-Coupe-2018_main.jpg' );
insert into vozila (IdVozila, TipVozila, Proizvodjac, Model, Kilometraza, GodinaProizvodnje, Boja, VrstaGoriva,  BrojRegistracije, DatumRegistracije, Fotografija) values(410, 'Kamion', 'Mack', 'CXU613', 36000, 2015, 'Bijela', 'Dizel', '85-25-CA', '2017-01-01', '.\\image\\Slike vozila\\Mack-2015.jpg' );
insert into vozila (IdVozila, TipVozila, Proizvodjac, Model, Kilometraza, GodinaProizvodnje, Boja, VrstaGoriva,  BrojRegistracije, DatumRegistracije, Fotografija) values(411, 'Automobil', 'Audi', 'Q8', 28000, 2015, 'Zuti', 'Benzin', '08-75-CA', '2019-01-01', '.\\image\\Slike vozila\\AUDI_Q8-2018_main.jpg' );
insert into vozila (IdVozila, TipVozila, Proizvodjac, Model, Kilometraza, GodinaProizvodnje, Boja, VrstaGoriva,  BrojRegistracije, DatumRegistracije, Fotografija) values(412, 'Automobil', 'Audi', 'A4', 25000, 2018, 'Crvena', 'Benzin', '43-23-CA', '2019-01-01', '.\\image\\Slike vozila\\AUDI_A4-Avant-2018_main.jpg' );
insert into vozila (IdVozila, TipVozila, Proizvodjac, Model, Kilometraza, GodinaProizvodnje, Boja, VrstaGoriva,  BrojRegistracije, DatumRegistracije, Fotografija) values(413, 'Automobil', 'BMW', '2 Active Tourer', 33000, 2018, 'Crvena', 'Benzin', '35-25-CA', '2019-01-01', '.\\image\\Slike vozila\\BMW_2-Series-Active-Tourer--F45--2018_main.jpg' );
insert into vozila (IdVozila, TipVozila, Proizvodjac, Model, Kilometraza, GodinaProizvodnje, Boja, VrstaGoriva,  BrojRegistracije, DatumRegistracije, Fotografija) values(414, 'Automobil', 'Audi', 'S6', 33000, 2019, 'Plava', 'Dizel', '55-21-CA', '2019-05-05', '.\\image\\Slike vozila\\AUDI_S6-2019_main.jpg' );
insert into vozila (IdVozila, TipVozila, Proizvodjac, Model, Kilometraza, GodinaProizvodnje, Boja, VrstaGoriva,  BrojRegistracije, DatumRegistracije, Fotografija) values(415, 'Automobil', 'Audi', 'A6', 35000, 2019, 'Siva', 'Benzin', '45-25-GA', '2019-04-04', '.\\image\\Slike vozila\\AUDI_A6-allroad-quattro-2019_main.jpg' );
insert into vozila (IdVozila, TipVozila, Proizvodjac, Model, Kilometraza, GodinaProizvodnje, Boja, VrstaGoriva,  BrojRegistracije, DatumRegistracije, Fotografija) values(416, 'Automobil', 'BMW', 'X1', 55000, 2019, 'Siva', 'Dizel', '11-25-HA', '2019-03-03', '.\\image\\Slike vozila\\BMW_X1-2019_main.jpg' );
insert into vozila (IdVozila, TipVozila, Proizvodjac, Model, Kilometraza, GodinaProizvodnje, Boja, VrstaGoriva,  BrojRegistracije, DatumRegistracije, Fotografija) values(417, 'Automobil', 'Audi', 'SQ5', 30000, 2017, 'Crvena', 'Benzin', '41-25-CA', '2018-01-01', '.\\image\\Slike vozila\\AUDI_SQ5-2017_main.jpg' );
insert into vozila (IdVozila, TipVozila, Proizvodjac, Model, Kilometraza, GodinaProizvodnje, Boja, VrstaGoriva,  BrojRegistracije, DatumRegistracije, Fotografija) values(418, 'Kamion', 'Kenworth', 'T680', 102000, 2015, 'Crvena', 'Dizel', '25-25-CA', '2017-01-01', '.\\image\\Slike vozila\\Kenworth-2015.jpg' );
insert into vozila (IdVozila, TipVozila, Proizvodjac, Model, Kilometraza, GodinaProizvodnje, Boja, VrstaGoriva,  BrojRegistracije, DatumRegistracije, Fotografija) values(419, 'Automobil', 'Audi', 'Q2', 33000, 2016, 'Crvena', 'Benzin', '32-25-CA', '2017-01-01', '.\\image\\Slike vozila\\AUDI_Q2-2016_main.jpg' );
insert into vozila (IdVozila, TipVozila, Proizvodjac, Model, Kilometraza, GodinaProizvodnje, Boja, VrstaGoriva,  BrojRegistracije, DatumRegistracije, Fotografija) values(420, 'Automobil', 'Audi', 'A3 Sedan', 34000, 2016, 'Plava', 'Benzin', '44-44-CA', '2017-01-01', '.\\image\\Slike vozila\\AUDI_A3-Sedan-2016_main.jpg' );
insert into vozila (IdVozila, TipVozila, Proizvodjac, Model, Kilometraza, GodinaProizvodnje, Boja, VrstaGoriva,  BrojRegistracije, DatumRegistracije, Fotografija) values(421, 'Automobil', 'Audi', 'A7', 45300, 2017, 'Siva', 'Benzin', '15-25-CA', '2018-01-01', '.\\image\\Slike vozila\\AUDI_A7-Sportback-2017_main.jpg' );
insert into vozila (IdVozila, TipVozila, Proizvodjac, Model, Kilometraza, GodinaProizvodnje, Boja, VrstaGoriva,  BrojRegistracije, DatumRegistracije, Fotografija) values(422, 'Automobil', 'Audi', 'A6', 10000, 1999, 'Plava', 'Dizel', '15-25-CA', '2017-01-01', '.\\image\\Slike vozila\\Nema slike.jpg' );
insert into vozila (IdVozila, TipVozila, Proizvodjac, Model, Kilometraza, GodinaProizvodnje, Boja, VrstaGoriva,  BrojRegistracije, DatumRegistracije, Fotografija) values(423, 'Automobil', 'Audi', 'A6', 45000, 2018, 'Crvena', 'Benzin', '11-25-CA', '2019-01-01', '.\\image\\Slike vozila\\AUDI_A6-2018_main.jpg' );
insert into vozila (IdVozila, TipVozila, Proizvodjac, Model, Kilometraza, GodinaProizvodnje, Boja, VrstaGoriva,  BrojRegistracije, DatumRegistracije, Fotografija) values(424, 'Automobil', 'Audi', 'A6', 10000, 1999, 'Plava', 'Dizel', '15-25-CA', '2017-01-01', '.\\image\\Slike vozila\\Nema slike.jpg' );
insert into vozila (IdVozila, TipVozila, Proizvodjac, Model, Kilometraza, GodinaProizvodnje, Boja, VrstaGoriva,  BrojRegistracije, DatumRegistracije, Fotografija) values(425, 'Automobil', 'Audi', 'A6', 10000, 1999, 'Plava', 'Dizel', '15-25-CA', '2017-01-01', '.\\image\\Slike vozila\\Nema slike.jpg' );
insert into vozila (IdVozila, TipVozila, Proizvodjac, Model, Kilometraza, GodinaProizvodnje, Boja, VrstaGoriva,  BrojRegistracije, DatumRegistracije, Fotografija) values(426, 'Automobil', 'Audi', 'A6', 10000, 1999, 'Plava', 'Dizel', '15-25-CA', '2017-01-01', '.\\image\\Slike vozila\\Nema slike.jpg' );
insert into vozila (IdVozila, TipVozila, Proizvodjac, Model, Kilometraza, GodinaProizvodnje, Boja, VrstaGoriva,  BrojRegistracije, DatumRegistracije, Fotografija) values(427, 'Automobil', 'Audi', 'S3', 12000, 2016, 'Zuta', 'Benzin', '85-25-CA', '2017-01-01', '.\\image\\Slike vozila\\AUDI_S3-2016_main.jpg' );
insert into vozila (IdVozila, TipVozila, Proizvodjac, Model, Kilometraza, GodinaProizvodnje, Boja, VrstaGoriva,  BrojRegistracije, DatumRegistracije, Fotografija) values(428, 'Automobil', 'Audi', 'A6', 10000, 1999, 'Plava', 'Dizel', '15-25-CA', '2017-01-01', '.\\image\\Slike vozila\\Nema slike.jpg' );
insert into vozila (IdVozila, TipVozila, Proizvodjac, Model, Kilometraza, GodinaProizvodnje, Boja, VrstaGoriva,  BrojRegistracije, DatumRegistracije, Fotografija) values(429, 'Automobil', 'Audi', 'A6', 10000, 1999, 'Plava', 'Dizel', '15-25-CA', '2017-01-01', '.\\image\\Slike vozila\\Nema slike.jpg' );
insert into vozila (IdVozila, TipVozila, Proizvodjac, Model, Kilometraza, GodinaProizvodnje, Boja, VrstaGoriva,  BrojRegistracije, DatumRegistracije, Fotografija) values(430, 'Automobil', 'Audi', 'A6', 10000, 1999, 'Plava', 'Dizel', '15-25-CA', '2017-01-01', '.\\image\\Slike vozila\\Nema slike.jpg' );
insert into vozila (IdVozila, TipVozila, Proizvodjac, Model, Kilometraza, GodinaProizvodnje, Boja, VrstaGoriva,  BrojRegistracije, DatumRegistracije, Fotografija) values(431, 'Automobil', 'Audi', 'A6', 10000, 1999, 'Plava', 'Dizel', '15-25-CA', '2017-01-01', '.\\image\\Slike vozila\\Nema slike.jpg' );
insert into vozila (IdVozila, TipVozila, Proizvodjac, Model, Kilometraza, GodinaProizvodnje, Boja, VrstaGoriva,  BrojRegistracije, DatumRegistracije, Fotografija) values(432, 'Automobil', 'Audi', 'A6', 10000, 1999, 'Plava', 'Dizel', '15-25-CA', '2017-01-01', '.\\image\\Slike vozila\\Nema slike.jpg' );
insert into vozila (IdVozila, TipVozila, Proizvodjac, Model, Kilometraza, GodinaProizvodnje, Boja, VrstaGoriva,  BrojRegistracije, DatumRegistracije, Fotografija) values(433, 'Automobil', 'Audi', 'A6', 10000, 1999, 'Plava', 'Dizel', '15-25-CA', '2017-01-01', '.\\image\\Slike vozila\\Nema slike.jpg' );
insert into vozila (IdVozila, TipVozila, Proizvodjac, Model, Kilometraza, GodinaProizvodnje, Boja, VrstaGoriva,  BrojRegistracije, DatumRegistracije, Fotografija) values(434, 'Automobil', 'Audi', 'A6', 10000, 1999, 'Plava', 'Dizel', '15-25-CA', '2017-01-01', '.\\image\\Slike vozila\\Nema slike.jpg' );	
	
insert into kupac (IdKlijenta)values(16);
insert into kupac (IdKlijenta)values(17);
insert into kupac (IdKlijenta)values(18);
insert into kupac (IdKlijenta)values(19);
insert into kupac (IdKlijenta)values(20);
	
insert into vozila_u_vlasnistvu (IdVozila, DatumNabavke, CijenaNabavke, Status_Za_Prodaju, TehnickaProvjera, IdKlijenta)values
(401,'2017-01-01',32000.00, 'Ponuda','Zavrsen', null);
insert into vozila_u_vlasnistvu (IdVozila, DatumNabavke, CijenaNabavke, Status_Za_Prodaju, TehnickaProvjera, IdKlijenta)values
(402,'2019-03-01',11000.00, '12356.18','Zavrsen', 16);
insert into vozila_u_vlasnistvu (IdVozila, DatumNabavke, CijenaNabavke, Status_Za_Prodaju, TehnickaProvjera, IdKlijenta)values
(403,'2017-03-01',18200.00, 'Obrada','Zavrsen', 20);
insert into vozila_u_vlasnistvu (IdVozila, DatumNabavke, CijenaNabavke, Status_Za_Prodaju, TehnickaProvjera, IdKlijenta)values
(404,'2019-04-01',13100.00, '14306.97','Zavrsen', 17);
insert into vozila_u_vlasnistvu (IdVozila, DatumNabavke, CijenaNabavke, Status_Za_Prodaju, TehnickaProvjera, IdKlijenta)values
(405,'2017-05-01',41000.00, '44208.20','Zavrsen', 18);
insert into vozila_u_vlasnistvu (IdVozila, DatumNabavke, CijenaNabavke, Status_Za_Prodaju, TehnickaProvjera, IdKlijenta)values
(406,'2019-03-01',63000.00, 'Ponuda','Zavrsen', null);
insert into vozila_u_vlasnistvu (IdVozila, DatumNabavke, CijenaNabavke, Status_Za_Prodaju, TehnickaProvjera, IdKlijenta)values
(407,'2017-02-01',30000.00, 'Ponuda','Zavrsen', null);
insert into vozila_u_vlasnistvu (IdVozila, DatumNabavke, CijenaNabavke, Status_Za_Prodaju, TehnickaProvjera, IdKlijenta)values
(408,'2019-03-01',46500.00, 'Ponuda','Zavrsen', null);
insert into vozila_u_vlasnistvu (IdVozila, DatumNabavke, CijenaNabavke, Status_Za_Prodaju, TehnickaProvjera, IdKlijenta)values
(409,'2019-04-01',41000.00, 'Obrada','Zavrsen', 19);
insert into vozila_u_vlasnistvu (IdVozila, DatumNabavke, CijenaNabavke, Status_Za_Prodaju, TehnickaProvjera, IdKlijenta)values
(410,'2017-05-01',36000.00, 'Ponuda','Zavrsen', null);
insert into vozila_u_vlasnistvu (IdVozila, DatumNabavke, CijenaNabavke, Status_Za_Prodaju, TehnickaProvjera, IdKlijenta)values
(411,'2019-03-01',28000.00, 'Ponuda','Zavrsen', null);
insert into vozila_u_vlasnistvu (IdVozila, DatumNabavke, CijenaNabavke, Status_Za_Prodaju, TehnickaProvjera, IdKlijenta)values
(412,'2019-02-01',25000.00, 'Ponuda','Zavrsen', null);
insert into vozila_u_vlasnistvu (IdVozila, DatumNabavke, CijenaNabavke, Status_Za_Prodaju, TehnickaProvjera, IdKlijenta)values
(413,'2019-03-01',33000.00, 'Ponuda','Zavrsen', null);
insert into vozila_u_vlasnistvu (IdVozila, DatumNabavke, CijenaNabavke, Status_Za_Prodaju, TehnickaProvjera, IdKlijenta)values
(414,'2019-05-11',33000.00, '35105.90','Zavrsen', 20);
insert into vozila_u_vlasnistvu (IdVozila, DatumNabavke, CijenaNabavke, Status_Za_Prodaju, TehnickaProvjera, IdKlijenta)values
(415,'2019-05-05',35000.00, 'Ponuda','Zavrsen', null);

insert into prodata_vozila (IdVozila, CijenaProdaje, PeriodGarancije)values (431, 12356.18, 120);
insert into prodata_vozila (IdVozila, CijenaProdaje, PeriodGarancije)values (432, 14306.97, 120);
insert into prodata_vozila (IdVozila, CijenaProdaje, PeriodGarancije)values (433, 44208.20, 120);
insert into prodata_vozila (IdVozila, CijenaProdaje, PeriodGarancije)values (434, 35105.90, 120);

insert into ugovor (IdUgovora, DatumSklapanjaUgovora, JMB) values (1, '2019-02-01', '1601771234517');
insert into ugovor (IdUgovora, DatumSklapanjaUgovora, JMB) values (2, '2019-02-01', '1601771234517');
insert into ugovor (IdUgovora, DatumSklapanjaUgovora, JMB) values (3, '2019-02-01', '1601771234517');
insert into ugovor (IdUgovora, DatumSklapanjaUgovora, JMB) values (4, '2019-02-01', '1601771234517');

insert into prodaja (IdProdaja, IdKlijenta, IdVozila, JMB, NacinPlacanja, UkupnoNaplaceno, Status_za_naplatu, DatumProdaje, SledecaUplata, IdUgovora) values (1, 16, 431, '1911901234527', 'Kredit', 8237.44, '4/6', '2019-01-01', '2019-07-03', 1);
insert into prodaja (IdProdaja, IdKlijenta, IdVozila, JMB, NacinPlacanja, UkupnoNaplaceno, Status_za_naplatu, DatumProdaje, SledecaUplata, IdUgovora) values (2, 17, 432, '0111911234537', 'Gotovina', 14306.97, '1/1', '2017-02-01', 'Zavrseno', 2);
insert into prodaja (IdProdaja, IdKlijenta, IdVozila, JMB, NacinPlacanja, UkupnoNaplaceno, Status_za_naplatu, DatumProdaje, SledecaUplata, IdUgovora) values (3, 18, 433, '1911901234527', 'Kredit', 44208.20, '2/2', '2017-02-01', 'Zavrseno', 3);
insert into prodaja (IdProdaja, IdKlijenta, IdVozila, JMB, NacinPlacanja, UkupnoNaplaceno, Status_za_naplatu, DatumProdaje, SledecaUplata, IdUgovora) values (4, 20, 434, '3009851234547', 'Gotovina', 0.00, '0/1', '2019-03-01', '2019-07-01', 4);

insert into kredit (IdKredit, IznosRateKredita, BrojRata, JIB, IdProdaja)values(20, 2059.36, 6, 'ABC', 1);
insert into kredit (IdKredit, IznosRateKredita, BrojRata, JIB, IdProdaja)values(21, 22104.10, 2, 'ABD', 3);

insert into naplata_kupovine (BrojNaplateKupovine, IdProdaja, BrojZiroRacunaPreduzeca, DatumNaplate)values(21, 2, '1444983126116', '2017-02-03');
insert into naplata_kupovine (BrojNaplateKupovine, IdProdaja, BrojZiroRacunaPreduzeca, DatumNaplate)values(22, 3, '1444983126116', '2017-02-03');
insert into naplata_kupovine (BrojNaplateKupovine, IdProdaja, BrojZiroRacunaPreduzeca, DatumNaplate)values(23, 3, '1444983126116', '2017-02-03');
insert into naplata_kupovine (BrojNaplateKupovine, IdProdaja, BrojZiroRacunaPreduzeca, DatumNaplate)values(24, 1, '1444983126116', '2019-01-03');
insert into naplata_kupovine (BrojNaplateKupovine, IdProdaja, BrojZiroRacunaPreduzeca, DatumNaplate)values(25, 1, '1444983126116', '2019-02-03');
insert into naplata_kupovine (BrojNaplateKupovine, IdProdaja, BrojZiroRacunaPreduzeca, DatumNaplate)values(26, 1, '1444983126116', '2019-03-03');
insert into naplata_kupovine (BrojNaplateKupovine, IdProdaja, BrojZiroRacunaPreduzeca, DatumNaplate)values(27, 1, '1444983126116', '2019-04-03');

insert into osiguravajuce_drustvo (JIB, Naziv)values('OAA', 'Dunav osiguranje');
insert into osiguravajuce_drustvo (JIB, Naziv)values('OAB', 'Triglav osiguranje');

insert into polisaosiguranja (IdPolisa, OdobrenIznos, PeriodReklamacije, JIB, IdProdaja) values (1, 300.25, 4, 'OAA', 1);
insert into polisaosiguranja (IdPolisa, OdobrenIznos, PeriodReklamacije, JIB, IdProdaja) values (2, 100.25, 2, 'OAB', 4);

insert into korisnici_servisa (IdKlijenta, NapomenaOKorisniku) values (11, 'Vazan klijent');
insert into korisnici_servisa (IdKlijenta, NapomenaOKorisniku) values (12, 'Novi partner');
insert into korisnici_servisa (IdKlijenta, NapomenaOKorisniku) values (13, 'Nepoznato');
insert into korisnici_servisa (IdKlijenta, NapomenaOKorisniku) values (14, 'Saradnik');
insert into korisnici_servisa (IdKlijenta, NapomenaOKorisniku) values (15, 'Partner');
insert into korisnici_servisa (IdKlijenta, NapomenaOKorisniku) values (21, 'Vazan klijent');
insert into korisnici_servisa (IdKlijenta, NapomenaOKorisniku) values (22, 'Novi partner');
insert into korisnici_servisa (IdKlijenta, NapomenaOKorisniku) values (23, 'Nepoznato');
insert into korisnici_servisa (IdKlijenta, NapomenaOKorisniku) values (24, 'Saradnik');
insert into korisnici_servisa (IdKlijenta, NapomenaOKorisniku) values (25, 'Partner');

insert into distributer_vozila (IdKlijenta, Rejting) values (26, '3');
insert into distributer_vozila (IdKlijenta, Rejting) values (27, '4');
insert into distributer_vozila (IdKlijenta, Rejting) values (28, '4');


insert into zahtjev (BrojZahtjeva, IdKlijenta, DatumZahtjeva, KrajnjiRok, JMB) values (111, 11, '2019-06-20', '2019-06-26', '1208651234567');
insert into zahtjev (BrojZahtjeva, IdKlijenta, DatumZahtjeva, KrajnjiRok, JMB) values (112, 12, '2019-06-12', '2019-06-22', '1208651234567');
insert into zahtjev (BrojZahtjeva, IdKlijenta, DatumZahtjeva, KrajnjiRok, JMB) values (113, 13, '2019-06-12', '2019-06-20', '2207661234568');
insert into zahtjev (BrojZahtjeva, IdKlijenta, DatumZahtjeva, KrajnjiRok, JMB) values (114, 14, '2019-06-14', '2019-06-20', '1208651234567');
insert into zahtjev (BrojZahtjeva, IdKlijenta, DatumZahtjeva, KrajnjiRok, JMB) values (115, 14, '2019-06-14', '2019-06-20', '1208651234567');
insert into zahtjev (BrojZahtjeva, IdKlijenta, DatumZahtjeva, KrajnjiRok, JMB) values (116, 15, '2019-06-14', '2019-06-27', '2207661234568');
insert into zahtjev (BrojZahtjeva, IdKlijenta, DatumZahtjeva, KrajnjiRok, JMB) values (117, 21, '2019-06-22', '2019-06-26', '1208651234567');
insert into zahtjev (BrojZahtjeva, IdKlijenta, DatumZahtjeva, KrajnjiRok, JMB) values (118, 22, '2019-06-12', '2019-06-22', '2207661234568');
insert into zahtjev (BrojZahtjeva, IdKlijenta, DatumZahtjeva, KrajnjiRok, JMB) values (119, 23, '2019-06-13', '2019-06-20', '2207661234568');
insert into zahtjev (BrojZahtjeva, IdKlijenta, DatumZahtjeva, KrajnjiRok, JMB) values (120, 24, '2019-06-21', '2019-06-24', '2207661234568');
insert into zahtjev (BrojZahtjeva, IdKlijenta, DatumZahtjeva, KrajnjiRok, JMB) values (121, 24, '2019-06-21', '2019-06-23', '2207661234568');
insert into zahtjev (BrojZahtjeva, IdKlijenta, DatumZahtjeva, KrajnjiRok, JMB) values (122, 25, '2019-06-11', '2019-06-27', '2207661234568');

insert into servisna_knjiga_vozila (BrojKarticeVozila, IdVozila, BrojZahtjeva, UkupanBrojServisa, DatumPoslednjegServisa,
	OpisRanijihPopravki, Status, OpisProblema) values (1, 416, 111, 0, null, '', '', 'Geometrija tockova');
insert into servisna_knjiga_vozila (BrojKarticeVozila, IdVozila, BrojZahtjeva, UkupanBrojServisa, DatumPoslednjegServisa,
	OpisRanijihPopravki, Status, OpisProblema) values (2, 417, 112, 0, null, '', '', 'Pranje');
insert into servisna_knjiga_vozila (BrojKarticeVozila, IdVozila, BrojZahtjeva, UkupanBrojServisa, DatumPoslednjegServisa,
	OpisRanijihPopravki, Status, OpisProblema) values (3, 418, 113, 0, null, '', '', 'Izduvni sistem');
insert into servisna_knjiga_vozila (BrojKarticeVozila, IdVozila, BrojZahtjeva, UkupanBrojServisa, DatumPoslednjegServisa,
	OpisRanijihPopravki, Status, OpisProblema) values (4, 419, 114, 0, null, '', '', 'Veliki servis');
insert into servisna_knjiga_vozila (BrojKarticeVozila, IdVozila, BrojZahtjeva, UkupanBrojServisa, DatumPoslednjegServisa,
	OpisRanijihPopravki, Status, OpisProblema) values (5, 419, 115, 1, '2019-02-11', '', '', '');
insert into servisna_knjiga_vozila (BrojKarticeVozila, IdVozila, BrojZahtjeva, UkupanBrojServisa, DatumPoslednjegServisa,
	OpisRanijihPopravki, Status, OpisProblema) values (6, 420, 116, 0, null, '', '', 'Gume');
insert into servisna_knjiga_vozila (BrojKarticeVozila, IdVozila, BrojZahtjeva, UkupanBrojServisa, DatumPoslednjegServisa,
	OpisRanijihPopravki, Status, OpisProblema) values (7, 421, 117, 0, null, '', '', 'Diskovi');
insert into servisna_knjiga_vozila (BrojKarticeVozila, IdVozila, BrojZahtjeva, UkupanBrojServisa, DatumPoslednjegServisa,
	OpisRanijihPopravki, Status, OpisProblema) values (8, 422, 117, 0, null, '', '', '');
insert into servisna_knjiga_vozila (BrojKarticeVozila, IdVozila, BrojZahtjeva, UkupanBrojServisa, DatumPoslednjegServisa,
	OpisRanijihPopravki, Status, OpisProblema) values (9, 423, 117, 0, null, '', '', '');
insert into servisna_knjiga_vozila (BrojKarticeVozila, IdVozila, BrojZahtjeva, UkupanBrojServisa, DatumPoslednjegServisa,
	OpisRanijihPopravki, Status, OpisProblema) values (10, 424, 118, 0, null, '', '', '');
insert into servisna_knjiga_vozila (BrojKarticeVozila, IdVozila, BrojZahtjeva, UkupanBrojServisa, DatumPoslednjegServisa,
	OpisRanijihPopravki, Status, OpisProblema) values (11, 425, 119, 0, null, '', '', '');
insert into servisna_knjiga_vozila (BrojKarticeVozila, IdVozila, BrojZahtjeva, UkupanBrojServisa, DatumPoslednjegServisa,
	OpisRanijihPopravki, Status, OpisProblema) values (12, 416, 120, 1, '2019-01-11', '', '', '');
insert into servisna_knjiga_vozila (BrojKarticeVozila, IdVozila, BrojZahtjeva, UkupanBrojServisa, DatumPoslednjegServisa,
	OpisRanijihPopravki, Status, OpisProblema) values (13, 417, 121, 1, '2019-02-22', '', '', '');
insert into servisna_knjiga_vozila (BrojKarticeVozila, IdVozila, BrojZahtjeva, UkupanBrojServisa, DatumPoslednjegServisa,
	OpisRanijihPopravki, Status, OpisProblema) values (14, 418, 122, 1, '2019-03-17', '', '', '');
insert into servisna_knjiga_vozila (BrojKarticeVozila, IdVozila, BrojZahtjeva, UkupanBrojServisa, DatumPoslednjegServisa,
	OpisRanijihPopravki, Status, OpisProblema) values (15, 426, 114, 0, null, '', '', '');
insert into servisna_knjiga_vozila (BrojKarticeVozila, IdVozila, BrojZahtjeva, UkupanBrojServisa, DatumPoslednjegServisa,
	OpisRanijihPopravki, Status, OpisProblema) values (16, 427, 114, 0, null, '', '', '');
insert into servisna_knjiga_vozila (BrojKarticeVozila, IdVozila, BrojZahtjeva, UkupanBrojServisa, DatumPoslednjegServisa,
	OpisRanijihPopravki, Status, OpisProblema) values (17, 428, 115, 0, null, '', '', '');	
	
	
insert into vozilo_na_servisu (IdVozilaNaServisu, IdVozila, BrojKarticeVozila, DatumPrijemaVozila, ProcjenaTroskova, 		
	ProcjenaZavrsetkaRadova) values (11, 416, 12, '2019-06-17', 120.20, '2019-06-27');
insert into vozilo_na_servisu (IdVozilaNaServisu, IdVozila, BrojKarticeVozila, DatumPrijemaVozila, ProcjenaTroskova, 		
	ProcjenaZavrsetkaRadova) values (12, 417, 13, '2019-06-17', 20.00, '2019-06-22');
insert into vozilo_na_servisu (IdVozilaNaServisu, IdVozila, BrojKarticeVozila, DatumPrijemaVozila, ProcjenaTroskova, 		
	ProcjenaZavrsetkaRadova) values (13, 418, 14, '2019-06-15', 612.00, '2019-07-11');
insert into vozilo_na_servisu (IdVozilaNaServisu, IdVozila, BrojKarticeVozila, DatumPrijemaVozila, ProcjenaTroskova, 		
	ProcjenaZavrsetkaRadova) values (14, 419, 5, '2019-05-13', 122.00, '2019-06-12');
insert into vozilo_na_servisu (IdVozilaNaServisu, IdVozila, BrojKarticeVozila, DatumPrijemaVozila, ProcjenaTroskova, 		
	ProcjenaZavrsetkaRadova) values (15, 421, 7, '2019-06-12', 171.00, '2019-06-17');
insert into vozilo_na_servisu (IdVozilaNaServisu, IdVozila, BrojKarticeVozila, DatumPrijemaVozila, ProcjenaTroskova, 		
	ProcjenaZavrsetkaRadova) values (16, 422, 7, '2019-06-14', 320.80, '2019-06-17');
insert into vozilo_na_servisu (IdVozilaNaServisu, IdVozila, BrojKarticeVozila, DatumPrijemaVozila, ProcjenaTroskova, 		
	ProcjenaZavrsetkaRadova) values (17, 423, 7, '2019-06-17', 170.00, '2019-06-23');
insert into vozilo_na_servisu (IdVozilaNaServisu, IdVozila, BrojKarticeVozila, DatumPrijemaVozila, ProcjenaTroskova, 		
	ProcjenaZavrsetkaRadova) values (18, 424, 10, '2019-06-17', 92.00, '2019-06-28');

insert into radni_nalog (IdRadniNalog, IdVozilaNaServisu, VrstaServisnihRadova, Termin) values (111, 11, 'Geometrija tockova', 'prvi');
insert into radni_nalog (IdRadniNalog, IdVozilaNaServisu, VrstaServisnihRadova, Termin) values (112, 11, 'Farbanje i lakiranje elemenata', 'prvi');
insert into radni_nalog (IdRadniNalog, IdVozilaNaServisu, VrstaServisnihRadova, Termin) values (113, 12, 'Unutrasnje pranje vozila', 'drugi');
insert into radni_nalog (IdRadniNalog, IdVozilaNaServisu, VrstaServisnihRadova, Termin) values (114, 13, 'Zamjena ulja i filtera', 'drugi');
insert into radni_nalog (IdRadniNalog, IdVozilaNaServisu, VrstaServisnihRadova, Termin) values (115, 13, 'Zamjena i popravke izduvnih sistema', 'prvi');
insert into radni_nalog (IdRadniNalog, IdVozilaNaServisu, VrstaServisnihRadova, Termin) values (116, 13, 'Zamjena guma', 'treci');
insert into radni_nalog (IdRadniNalog, IdVozilaNaServisu, VrstaServisnihRadova, Termin) values (117, 13, 'Zamjena diskova i disk plocica', 'drugi');
insert into radni_nalog (IdRadniNalog, IdVozilaNaServisu, VrstaServisnihRadova, Termin) values (118, 14, 'Veliki servis', 'prvi');
insert into radni_nalog (IdRadniNalog, IdVozilaNaServisu, VrstaServisnihRadova, Termin) values (119, 15, 'Farbanje i lakiranje elemenata', 'prvi');
insert into radni_nalog (IdRadniNalog, IdVozilaNaServisu, VrstaServisnihRadova, Termin) values (120, 15, 'Zamjena akumulatora', 'prvi');
insert into radni_nalog (IdRadniNalog, IdVozilaNaServisu, VrstaServisnihRadova, Termin) values (121, 16, 'Reparacija turbine', 'drugi');
insert into radni_nalog (IdRadniNalog, IdVozilaNaServisu, VrstaServisnihRadova, Termin) values (122, 16, 'Servis klima uredjaja', 'prvi');
insert into radni_nalog (IdRadniNalog, IdVozilaNaServisu, VrstaServisnihRadova, Termin) values (123, 16, 'Zamjena ulja i filtera', 'drugi');
insert into radni_nalog (IdRadniNalog, IdVozilaNaServisu, VrstaServisnihRadova, Termin) values (124, 17, 'Zamjena guma', 'drugi');
insert into radni_nalog (IdRadniNalog, IdVozilaNaServisu, VrstaServisnihRadova, Termin) values (125, 17, 'Reparacija turbine', 'drugi');
insert into radni_nalog (IdRadniNalog, IdVozilaNaServisu, VrstaServisnihRadova, Termin) values (126, 17, 'Zamjena selen blokova', 'treci');
insert into radni_nalog (IdRadniNalog, IdVozilaNaServisu, VrstaServisnihRadova, Termin) values (127, 18, 'Zamjena i popravka stakala', 'prvi');  
 